date,close
2012/5/28,2.202
2012/5/29,2.2359
2012/5/30,2.2291
2012/5/31,2.224
2012/6/1,2.224
2012/6/4,2.1631
2012/6/5,2.1657
2012/6/6,2.164
2012/6/7,2.1505
2012/6/8,2.1429
2012/6/11,2.1682
2012/6/12,2.1547
2012/6/13,2.186
2012/6/14,2.1767
2012/6/15,2.1851
2012/6/18,2.1919
2012/6/19,2.1758
2012/6/20,2.1733
2012/6/21,2.1395
2012/6/25,2.0972
2012/6/26,2.0972
2012/6/27,2.0896
2012/6/28,2.0777
2012/6/29,2.1014
2012/7/2,2.1014
2012/7/3,2.1048
2012/7/4,2.1048
2012/7/5,2.0811
2012/7/6,2.1149
2012/7/9,2.0727
2012/7/10,2.0642
2012/7/11,2.0735
2012/7/12,2.0921
2012/7/13,2.0955
2012/7/16,2.0617
2012/7/17,2.0659
2012/7/18,2.0659
2012/7/19,2.0727
2012/7/20,2.0574
2012/7/23,2.0321
2012/7/24,2.0363
2012/7/25,2.0236
2012/7/26,2.0143
2012/7/27,2.0169
2012/7/30,2.0101
2012/7/31,2.005
2012/8/1,2.0202
2012/8/2,2.005
2012/8/3,2.0169
2012/8/6,2.0431
2012/8/7,2.0456
2012/8/8,2.0473
2012/8/9,2.0676
2012/8/10,2.0617
2012/8/13,2.0228
2012/8/14,2.0194
2012/8/15,2.0008
2012/8/16,1.9949
2012/8/17,1.9864
2012/8/20,1.9754
2012/8/21,1.983
2012/8/22,1.9687
2012/8/23,1.978
2012/8/24,1.9585
2012/8/27,1.9179
2012/8/28,1.9179
2012/8/29,1.9052
2012/8/30,1.8968
2012/8/31,1.8968
2012/9/3,1.9086
2012/9/4,1.8883
2012/9/5,1.8875
2012/9/6,1.9061
2012/9/7,1.9932
2012/9/10,1.9999
2012/9/11,1.9847
2012/9/12,1.9949
2012/9/13,1.9754
2012/9/14,1.9889
2012/9/17,1.9424
2012/9/18,1.9188
2012/9/19,1.9264
2012/9/20,1.8849
2012/9/21,1.8841
2012/9/24,1.901
2012/9/25,1.8985
2012/9/26,1.8782
2012/9/27,1.9323
2012/9/28,1.9771
2012/10/8,1.9475
2012/10/9,1.9923
2012/10/10,1.9923
2012/10/11,1.9788
2012/10/12,1.9771
2012/10/15,1.9703
2012/10/16,1.9712
2012/10/17,1.9788
2012/10/18,2.0033
2012/10/19,2.0033
2012/10/22,2.0109
2012/10/23,1.9881
2012/10/24,1.9847
2012/10/25,1.9687
2012/10/26,1.9247
2012/10/29,1.9154
2012/10/30,1.9196
2012/10/31,1.9331
2012/11/1,1.9737
2012/11/2,1.978
2012/11/5,1.9729
2012/11/6,1.9653
2012/11/7,1.9636
2012/11/8,1.9281
2012/11/9,1.923
2012/11/12,1.9298
2012/11/13,1.9002
2012/11/14,1.9052
2012/11/15,1.8824
2012/11/16,1.8646
2012/11/19,1.8646
2012/11/20,1.8596
2012/11/21,1.8824
2012/11/22,1.8714
2012/11/23,1.8816
2012/11/26,1.8697
2012/11/27,1.8494
2012/11/28,1.8291
2012/11/29,1.8224
2012/11/30,1.8308
2012/12/3,1.8139
2012/12/4,1.8283
2012/12/5,1.8925
2012/12/6,1.89
2012/12/7,1.9281
2012/12/10,1.9458
2012/12/11,1.9399
2012/12/12,1.9441
2012/12/13,1.9289
2012/12/14,2.0262
2012/12/17,2.0321
2012/12/18,2.0286
2012/12/19,2.0337
2012/12/20,2.0475
2012/12/21,2.0389
2012/12/24,2.0406
2012/12/25,2.0972
2012/12/26,2.1032
2012/12/27,2.0989
2012/12/28,2.1298
2012/12/31,2.1641
2013/1/4,2.1692
2013/1/7,2.1726
2013/1/8,2.1632
2013/1/9,2.1615
2013/1/10,2.1666
2013/1/11,2.1341
2013/1/14,2.2095
2013/1/15,2.2224
2013/1/16,2.2061
2013/1/17,2.1924
2013/1/18,2.2249
2013/1/21,2.2327
2013/1/22,2.2292
2013/1/23,2.2335
2013/1/24,2.2189
2013/1/25,2.2087
2013/1/28,2.2687
2013/1/29,2.2858
2013/1/30,2.2987
2013/1/31,2.3047
2013/2/1,2.3493
2013/2/4,2.3536
2013/2/5,2.3707
2013/2/6,2.3776
2013/2/7,2.3664
2013/2/8,2.3741
2013/2/18,2.339
2013/2/19,2.3012
2013/2/20,2.3115
2013/2/21,2.2292
2013/2/22,2.2224
2013/2/25,2.2258
2013/2/26,2.1932
2013/2/27,2.2138
2013/2/28,2.2884
2013/3/1,2.2858
2013/3/4,2.1778
2013/3/5,2.2404
2013/3/6,2.2644
2013/3/7,2.2369
2013/3/8,2.2335
2013/3/11,2.2181
2013/3/12,2.1864
2013/3/13,2.1624
2013/3/14,2.1666
2013/3/15,2.1684
2013/3/18,2.1452
2013/3/19,2.1641
2013/3/20,2.2301
2013/3/21,2.2361
2013/3/22,2.2421
2013/3/25,2.2387
2013/3/26,2.2018
2013/3/27,2.2069
2013/3/28,2.1383
2013/3/29,2.1323
2013/4/1,2.1289
2013/4/2,2.1323
2013/4/3,2.1281
2013/4/8,2.1178
2013/4/9,2.1306
2013/4/10,2.1306
2013/4/11,2.1212
2013/4/12,2.1143
2013/4/15,2.0929
2013/4/16,2.1058
2013/4/17,2.1109
2013/4/18,2.1152
2013/4/19,2.1752
2013/4/22,2.1684
2013/4/23,2.1023
2013/4/24,2.1383
2013/4/25,2.1161
2013/4/26,2.0963
2013/5/2,2.098
2013/5/3,2.1358
2013/5/6,2.1606
2013/5/7,2.1658
2013/5/8,2.1795
2013/5/9,2.1684
2013/5/10,2.1769
2013/5/13,2.1684
2013/5/14,2.1366
2013/5/15,2.1469
2013/5/16,2.1906
2013/5/17,2.2284
2013/5/20,2.2412
2013/5/21,2.2412
2013/5/22,2.2438
2013/5/23,2.2198
2013/5/24,2.2318
2013/5/27,2.2267
2013/5/28,2.273
2013/5/29,2.2652
2013/5/30,2.2592
2013/5/31,2.2335
2013/6/3,2.2378
2013/6/4,2.2052
2013/6/5,2.1992
2013/6/6,2.1778
2013/6/7,2.1383
2013/6/13,2.0723
2013/6/14,2.0869
2013/6/17,2.074
2013/6/18,2.0878
2013/6/19,2.0758
2013/6/20,2.0106
2013/6/21,2.0012
2013/6/24,1.8786
2013/6/25,1.8794
2013/6/26,1.8751
2013/6/27,1.876
2013/6/28,1.9103
2013/7/1,1.918
2013/7/2,1.924
2013/7/3,1.9197
2013/7/4,1.9334
2013/7/5,1.9403
2013/7/8,1.888
2013/7/9,1.8837
2013/7/10,1.936
2013/7/11,2.0329
2013/7/12,1.9823
2013/7/15,2.0106
2013/7/16,2.0226
2013/7/17,1.9926
2013/7/18,1.9617
2013/7/19,1.9077
2013/7/22,1.9197
2013/7/23,1.9797
2013/7/24,1.9652
2013/7/25,1.96
2013/7/26,1.942
2013/7/29,1.9043
2013/7/30,1.9154
2013/7/31,1.9197
2013/8/1,1.9703
2013/8/2,1.9669
2013/8/5,1.9952
2013/8/6,2.008
2013/8/7,1.9943
2013/8/8,1.9952
2013/8/9,2.0037
2013/8/12,2.0638
2013/8/13,2.0638
2013/8/14,2.0595
2013/8/15,2.0355
2013/8/16,2.0209
2013/8/19,2.038
2013/8/20,2.0235
2013/8/21,2.0235
2013/8/22,2.0166
2013/8/23,2.0037
2013/8/26,2.0483
2013/8/27,2.0483
2013/8/28,2.0389
2013/8/29,2.0329
2013/8/30,2.0295
2013/9/2,2.0312
2013/9/3,2.062
2013/9/4,2.0612
2013/9/5,2.0526
2013/9/6,2.0646
2013/9/9,2.1409
2013/9/10,2.1692
2013/9/11,2.1786
2013/9/12,2.2001
2013/9/13,2.1838
2013/9/16,2.1726
2013/9/17,2.1298
2013/9/18,2.1323
2013/9/23,2.1624
2013/9/24,2.1418
2013/9/25,2.1289
2013/9/26,2.0938
2013/9/27,2.1015
2013/9/30,2.1152
2013/10/8,2.1452
2013/10/9,2.1478
2013/10/10,2.1289
2013/10/11,2.1632
2013/10/14,2.1641
2013/10/15,2.1615
2013/10/16,2.1238
2013/10/17,2.1126
2013/10/18,2.1229
2013/10/21,2.1684
2013/10/22,2.1443
2013/10/23,2.1212
2013/10/24,2.104
2013/10/25,2.0706
2013/10/28,2.0732
2013/10/29,2.0758
2013/10/30,2.1049
2013/10/31,2.0843
2013/11/1,2.0929
2013/11/4,2.0869
2013/11/5,2.0869
2013/11/6,2.0629
2013/11/7,2.0543
2013/11/8,2.0235
2013/11/11,2.026
2013/11/12,2.0466
2013/11/13,2.008
2013/11/14,2.014
2013/11/15,2.056
2013/11/18,2.1238
2013/11/19,2.1143
2013/11/20,2.1238
2013/11/21,2.1135
2013/11/22,2.1015
2013/11/25,2.0903
2013/11/26,2.0895
2013/11/27,2.1135
2013/11/28,2.1358
2013/11/29,2.1375
2013/12/2,2.1178
2013/12/3,2.1366
2013/12/4,2.1641
2013/12/5,2.1641
2013/12/6,2.1495
2013/12/9,2.1486
2013/12/10,2.1478
2013/12/11,2.1143
2013/12/12,2.11
2013/12/13,2.1092
2013/12/16,2.0749
2013/12/17,2.062
2013/12/18,2.0638
2013/12/19,2.044
2013/12/20,2.0003
2013/12/23,2.0003
2013/12/24,2.0029
2013/12/25,2.0132
2013/12/26,1.9857
2013/12/27,2.0123
2013/12/30,2.014
2013/12/31,2.0372
2014/1/2,2.0303
2014/1/3,2.008
2014/1/6,1.96
2014/1/7,1.9609
2014/1/8,1.9591
2014/1/9,1.9471
2014/1/10,1.9334
2014/1/13,1.9197
2014/1/14,1.9326
2014/1/15,1.9326
2014/1/16,1.9334
2014/1/17,1.906
2014/1/20,1.8966
2014/1/21,1.9124
2014/1/22,1.965
2014/1/23,1.9544
2014/1/24,1.965
2014/1/27,1.9395
2014/1/28,1.9413
2014/1/29,1.9474
2014/1/30,1.9203
2014/2/7,1.9325
2014/2/10,1.9886
2014/2/11,1.9983
2014/2/12,2.0018
2014/2/13,1.9965
2014/2/14,2.0035
2014/2/17,2.0175
2014/2/18,1.9939
2014/2/19,2.0202
2014/2/20,2.0026
2014/2/21,1.9799
2014/2/24,1.9352
2014/2/25,1.8852
2014/2/26,1.8878
2014/2/27,1.8834
2014/2/28,1.9027
2014/3/3,1.9097
2014/3/4,1.9054
2014/3/5,1.8887
2014/3/6,1.8983
2014/3/7,1.8922
2014/3/10,1.8335
2014/3/11,1.8414
2014/3/12,1.8431
2014/3/13,1.8721
2014/3/14,1.8563
2014/3/17,1.8703
2014/3/18,1.8685
2014/3/19,1.8572
2014/3/20,1.8247
2014/3/21,1.8922
2014/3/24,1.901
2014/3/25,1.8983
2014/3/26,1.8983
2014/3/27,1.8852
2014/3/28,1.8843
2014/3/31,1.8764
2014/4/1,1.887
2014/4/2,1.9019
2014/4/3,1.8887
2014/4/4,1.9115
2014/4/8,1.9571
2014/4/9,1.9536
2014/4/10,1.9851
2014/4/11,1.9842
2014/4/14,1.9834
2014/4/15,1.9483
2014/4/16,1.9483
2014/4/17,1.9448
2014/4/18,1.9413
2014/4/21,1.9062
2014/4/22,1.9194
2014/4/23,1.9141
2014/4/24,1.9176
2014/4/25,1.894
2014/4/28,1.8677
2014/4/29,1.8843
2014/4/30,1.8834
2014/5/5,1.8843
2014/5/6,1.8817
2014/5/7,1.8694
2014/5/8,1.8659
2014/5/9,1.865
2014/5/12,1.9027
2014/5/13,1.8975
2014/5/14,1.8975
2014/5/15,1.8764
2014/5/16,1.8756
2014/5/19,1.8501
2014/5/20,1.8484
2014/5/21,1.8659
2014/5/22,1.8607
2014/5/23,1.8817
2014/5/26,1.8878
2014/5/27,1.8817
2014/5/28,1.901
2014/5/29,1.8896
2014/5/30,1.8878
2014/6/3,1.8817
2014/6/4,1.865
2014/6/5,1.887
2014/6/6,1.8712
2014/6/9,1.8694
2014/6/10,1.8948
2014/6/11,1.8913
2014/6/12,1.8896
2014/6/13,1.9106
2014/6/16,1.9229
2014/6/17,1.9071
2014/6/18,1.8983
2014/6/19,1.8712
2014/6/20,1.8782
2014/6/23,1.8756
2014/6/24,1.8913
2014/6/25,1.8852
2014/6/26,1.894
2014/6/27,1.8975
2014/6/30,1.9097
2014/7/1,1.9106
2014/7/2,1.9194
2014/7/3,1.9264
2014/7/4,1.9264
2014/7/7,1.9246
2014/7/8,1.9273
2014/7/9,1.9027
2014/7/10,1.901
2014/7/11,1.9062
2014/7/14,1.9325
2014/7/15,1.9299
2014/7/16,1.929
2014/7/17,1.9211
2014/7/18,1.9308
2014/7/21,1.9299
2014/7/22,1.9527
2014/7/23,1.9562
2014/7/24,1.9983
2014/7/25,2.021
2014/7/28,2.0754
2014/7/29,2.0806
2014/7/30,2.0736
2014/7/31,2.1017
2014/8/1,2.0763
2014/8/4,2.121
2014/8/5,2.1148
2014/8/6,2.1017
2014/8/7,2.0789
2014/8/8,2.0798
2014/8/11,2.1087
2014/8/12,2.0999
2014/8/13,2.1061
2014/8/14,2.0806
2014/8/15,2.1069
2014/8/18,2.1139
2014/8/19,2.1157
2014/8/20,2.1078
2014/8/21,2.0999
2014/8/22,2.1104
2014/8/25,2.092
2014/8/26,2.0789
2014/8/27,2.078
2014/8/28,2.0684
2014/8/29,2.0885
2014/9/1,2.0982
2014/9/2,2.1297
2014/9/3,2.1499
2014/9/4,2.17
2014/9/5,2.1911
2014/9/9,2.1858
2014/9/10,2.1718
2014/9/11,2.1595
2014/9/12,2.1771
2014/9/15,2.1709
2014/9/16,2.1332
2014/9/17,2.1402
2014/9/18,2.149
2014/9/19,2.1665
2014/9/22,2.121
2014/9/23,2.1429
2014/9/24,2.1841
2014/9/25,2.1727
2014/9/26,2.1735
2014/9/29,2.1832
2014/9/30,2.1832
2014/10/8,2.2068
2014/10/9,2.2077
2014/10/10,2.1972
2014/10/13,2.1849
2014/10/14,2.1771
2014/10/15,2.1911
2014/10/16,2.1832
2014/10/17,2.1735
2014/10/20,2.1832
2014/10/21,2.1692
2014/10/22,2.1569
2014/10/23,2.1341
2014/10/24,2.1324
2014/10/27,2.1122
2014/10/28,2.1543
2014/10/29,2.1814
2014/10/30,2.1946
2014/10/31,2.2384
2014/11/3,2.234
2014/11/4,2.2323
2014/11/5,2.2296
2014/11/6,2.2305
2014/11/7,2.2261
2014/11/10,2.2884
2014/11/11,2.2735
2014/11/12,2.3068
2014/11/13,2.2936
2014/11/14,2.2962
2014/11/17,2.2866
2014/11/18,2.2621
2014/11/19,2.2551
2014/11/20,2.2586
2014/11/21,2.3015
2014/11/24,2.3672
2014/11/25,2.3918
2014/11/26,2.4181
2014/11/27,2.44
2014/11/28,2.4978
2014/12/1,2.5005
2014/12/2,2.5995
2014/12/3,2.6275
2014/12/4,2.787
2014/12/5,2.7704
2014/12/8,2.9036
2014/12/9,2.7432
2014/12/10,2.8423
2014/12/11,2.8116
2014/12/12,2.8204
2014/12/15,2.8528
2014/12/16,2.9194
2014/12/17,2.9693
2014/12/18,2.9658
2014/12/19,3.0097
2014/12/22,2.9886
2014/12/23,2.9282
2014/12/24,2.8466
2014/12/25,2.9501
2014/12/26,3.0649
2014/12/29,3.05
2014/12/30,3.05
2014/12/31,3.1324
2015/1/5,3.2323
2015/1/6,3.2104
2015/1/7,3.2095
2015/1/8,3.1394
2015/1/9,3.1166
2015/1/12,3.1069
2015/1/13,3.1008
2015/1/14,3.0938
2015/1/15,3.1814
2015/1/16,3.2095
2015/1/19,2.8887
2015/1/20,2.9958
2015/1/21,3.1331
2015/1/22,3.1384
2015/1/23,3.1535
2015/1/26,3.1836
2015/1/27,3.1517
2015/1/28,3.1012
2015/1/29,3.0684
2015/1/30,3.0303
2015/2/2,2.9621
2015/2/3,3.0321
2015/2/4,2.9976
2015/2/5,2.9621
2015/2/6,2.9178
2015/2/9,2.9515
2015/2/10,3.0109
2015/2/11,3.0303
2015/2/12,3.0427
2015/2/13,3.0622
2015/2/16,3.0879
2015/2/17,3.1154
2015/2/25,3.0676
2015/2/26,3.1588
2015/2/27,3.1526
2015/3/2,3.1774
2015/3/3,3.0906
2015/3/4,3.1163
2015/3/5,3.0897
2015/3/6,3.0702
2015/3/9,3.1304
2015/3/10,3.1083
2015/3/11,3.1127
2015/3/12,3.1694
2015/3/13,3.1871
2015/3/16,3.266
2015/3/17,3.3076
2015/3/18,3.3953
2015/3/19,3.3776
2015/3/20,3.4254
2015/3/23,3.4945
2015/3/24,3.491
2015/3/25,3.4697
2015/3/26,3.4724
2015/3/27,3.4989
2015/3/30,3.6106
2015/3/31,3.5707
2015/4/1,3.6292
2015/4/2,3.6238
2015/4/3,3.6823
2015/4/7,3.747
2015/4/8,3.7771
2015/4/9,3.7496
2015/4/10,3.8373
2015/4/13,3.9011
2015/4/14,3.9029
2015/4/15,3.8701
2015/4/16,3.9968
2015/4/17,4.0659
2015/4/20,3.9773
2015/4/21,4.0614
2015/4/22,4.1722
2015/4/23,4.1677
2015/4/24,4.1527
2015/4/27,4.2386
2015/4/28,4.1837
2015/4/29,4.2067
2015/4/30,4.1978
2015/5/4,4.2209
2015/5/5,4.0605
2015/5/6,4.018
2015/5/7,3.948
2015/5/8,4.0092
2015/5/11,4.1411
2015/5/12,4.189
2015/5/13,4.15
2015/5/14,4.1403
2015/5/15,4.0641
2015/5/18,4.034
2015/5/19,4.173
2015/5/20,4.1925
2015/5/21,4.2784
2015/5/22,4.3706
2015/5/25,4.5088
2015/5/26,4.5752
2015/5/27,4.5752
2015/5/28,4.2652
2015/5/29,4.2678
2015/6/1,4.491
2015/6/2,4.5672
2015/6/3,4.5291
2015/6/4,4.5805
2015/6/5,4.5876
2015/6/8,4.7001
2015/6/9,4.662
2015/6/10,4.6576
2015/6/11,4.6585
2015/6/12,4.693
2015/6/15,4.5805
2015/6/16,4.46
2015/6/17,4.5265
2015/6/18,4.3484
2015/6/19,4.0774
2015/6/23,4.2218
2015/6/24,4.3148
2015/6/25,4.1598
2015/6/26,3.8497
2015/6/29,3.7044
2015/6/30,3.972
2015/7/1,3.7177
2015/7/2,3.6389
2015/7/3,3.4715
2015/7/6,3.5654
2015/7/7,3.4086
2015/7/8,3.0676
2015/7/9,3.374
2015/7/10,3.7106
2015/7/13,3.7505
2015/7/14,3.6796
2015/7/15,3.4945
2015/7/16,3.5751
2015/7/17,3.7204
2015/7/20,3.7098
2015/7/21,3.7328
2015/7/22,3.7151
2015/7/23,3.8161
2015/7/24,3.7363
2015/7/27,3.3687
2015/7/28,3.4077
2015/7/29,3.5326
2015/7/30,3.4112
2015/7/31,3.4112
2015/8/3,3.4121
2015/8/4,3.5477
2015/8/5,3.4688
2015/8/6,3.4307
2015/8/7,3.5016
2015/8/10,3.6743
2015/8/11,3.6309
2015/8/12,3.5937
2015/8/13,3.6424
2015/8/14,3.6336
2015/8/17,3.6398
2015/8/18,3.39
2015/8/19,3.4679
2015/8/20,3.3794
2015/8/21,3.2111
2015/8/24,2.8904
2015/8/25,2.6424
2015/8/26,2.7168
2015/8/27,2.8851
2015/8/28,3.0135
2015/8/31,3.0073
2015/9/1,2.9958
2015/9/2,2.9869
2015/9/7,2.9134
2015/9/8,2.9923
2015/9/9,3.0489
2015/9/10,2.9949
2015/9/11,3.0011
2015/9/14,2.8957
2015/9/15,2.8107
2015/9/16,2.963
2015/9/17,2.9054
2015/9/18,2.9046
2015/9/21,2.9577
2015/9/22,2.9807
2015/9/23,2.9116
2015/9/24,2.9365
2015/9/25,2.8727
2015/9/28,2.8895
2015/9/29,2.8337
2015/9/30,2.8532
2015/10/8,2.9559
2015/10/9,2.9931
2015/10/12,3.118
2015/10/13,3.0959
2015/10/14,3.0622
2015/10/15,3.1411
2015/10/16,3.1845
2015/10/19,3.1792
2015/10/20,3.2208
2015/10/21,3.1242
2015/10/22,3.1641
2015/10/23,3.2199
2015/10/26,3.2252
2015/10/27,3.227
2015/10/28,3.1703
2015/10/29,3.1747
2015/10/30,3.1756
2015/11/2,3.1225
2015/11/3,3.0986
2015/11/4,3.2846
2015/11/5,3.3368
2015/11/6,3.4166
2015/11/9,3.452
2015/11/10,3.4422
2015/11/11,3.4378
2015/11/12,3.4024
2015/11/13,3.3696
2015/11/16,3.3891
2015/11/17,3.3767
2015/11/18,3.3475
2015/11/19,3.398
2015/11/20,3.3882
2015/11/23,3.3714
2015/11/24,3.374
2015/11/25,3.3944
2015/11/26,3.3785
2015/11/27,3.196
2015/11/30,3.1969
2015/12/1,3.2217
2015/12/2,3.3599
2015/12/3,3.367
2015/12/4,3.3032
2015/12/7,3.3085
2015/12/8,3.2607
2015/12/9,3.2651
2015/12/10,3.2589
2015/12/11,3.2429
2015/12/14,3.3422
2015/12/15,3.3103
2015/12/16,3.3111
2015/12/17,3.3732
2015/12/18,3.3856
2015/12/21,3.4741
2015/12/22,3.4786
2015/12/23,3.4741
2015/12/24,3.4325
2015/12/25,3.4502
2015/12/28,3.3466
2015/12/29,3.3776
2015/12/30,3.3767
2015/12/31,3.3466
2016/1/4,3.1313
2016/1/5,3.1242
2016/1/6,3.173
2016/1/7,3.0862
2016/1/8,3.0188
2016/1/11,2.8638
2016/1/12,2.8842
2016/1/13,2.8443
2016/1/14,2.8922
2016/1/15,2.8071
2016/1/18,2.8089
2016/1/19,2.8895
2016/1/20,2.8518
2016/1/21,2.7699
2016/1/22,2.7969
2016/1/25,2.8077
2016/1/26,2.6493
2016/1/27,2.6205
2016/1/28,2.5638
2016/1/29,2.6367
2016/2/1,2.6079
2016/2/2,2.6637
2016/2/3,2.6511
2016/2/4,2.6862
2016/2/5,2.6547
2016/2/15,2.6448
2016/2/16,2.7195
2016/2/17,2.7474
2016/2/18,2.7438
2016/2/19,2.7366
2016/2/22,2.7933
2016/2/23,2.7717
2016/2/24,2.7924
2016/2/25,2.6142
2016/2/26,2.6394
2016/2/29,2.5773
2016/3/1,2.6259
2016/3/2,2.7438
2016/3/3,2.7375
2016/3/4,2.7708
2016/3/7,2.7924
2016/3/8,2.7825
2016/3/9,2.7411
2016/3/10,2.7042
2016/3/11,2.6988
2016/3/14,2.7573
2016/3/15,2.7483
2016/3/16,2.7663
2016/3/17,2.8113
2016/3/18,2.8509
2016/3/21,2.9138
2016/3/22,2.8941
2016/3/23,2.8995
2016/3/24,2.8545
2016/3/25,2.8662
2016/3/28,2.8392
2016/3/29,2.8158
2016/3/30,2.8932
2016/3/31,2.8878
2016/4/1,2.8968
2016/4/5,2.9246
2016/4/6,2.9192
2016/4/7,2.8833
2016/4/8,2.859
2016/4/11,2.8905
2016/4/12,2.8869
2016/4/13,2.9237
2016/4/14,2.9345
2016/4/15,2.9372
2016/4/18,2.8959
2016/4/19,2.8995
2016/4/20,2.8491
2016/4/21,2.8356
2016/4/22,2.8482
2016/4/25,2.8392
2016/4/26,2.8554
2016/4/27,2.8419
2016/4/28,2.8401
2016/4/29,2.8365
2016/5/3,2.8914
2016/5/4,2.8806
2016/5/5,2.8806
2016/5/6,2.8149
2016/5/9,2.7573
2016/5/10,2.7546
2016/5/11,2.7654
2016/5/12,2.7753
2016/5/13,2.7654
2016/5/16,2.7762
2016/5/17,2.7717
2016/5/18,2.7537
2016/5/19,2.7483
2016/5/20,2.7663
2016/5/23,2.7708
2016/5/24,2.7537
2016/5/25,2.7519
2016/5/26,2.7519
2016/5/27,2.7537
2016/5/30,2.7555
2016/5/31,2.8518
2016/6/1,2.8401
2016/6/2,2.8428
2016/6/3,2.8761
2016/6/6,2.859
2016/6/7,2.859
2016/6/8,2.8554
2016/6/13,2.7618
2016/6/14,2.7735
2016/6/15,2.8104
2016/6/16,2.7933
2016/6/17,2.805
2016/6/20,2.8059
2016/6/21,2.7996
2016/6/22,2.8167
2016/6/23,2.8077
2016/6/24,2.778
2016/6/27,2.8131
2016/6/28,2.8275
2016/6/29,2.8401
2016/6/30,2.8446
2016/7/1,2.8419
2016/7/4,2.8896
2016/7/5,2.8968
2016/7/6,2.9111
2016/7/7,2.9147
2016/7/8,2.904
2016/7/11,2.9111
2016/7/12,2.9849
2016/7/13,2.9912
2016/7/14,2.9867
2016/7/15,2.9903
2016/7/18,2.9795
2016/7/19,2.9642
2016/7/20,2.9579
2016/7/21,2.9741
2016/7/22,2.948
2016/7/25,2.9471
2016/7/26,2.9849
2016/7/27,2.93
2016/7/28,2.9381
2016/7/29,2.9282
2016/8/1,2.904
2016/8/2,2.9111
2016/8/3,2.9147
2016/8/4,2.9237
2016/8/5,2.9354
2016/8/8,2.9597
2016/8/9,2.9732
2016/8/10,2.9642
2016/8/11,2.9606
2016/8/12,3.0128
2016/8/15,3.1019
2016/8/16,3.0929
2016/8/17,3.0857
2016/8/18,3.0812
2016/8/19,3.0776
2016/8/22,3.056
2016/8/23,3.0578
2016/8/24,3.0452
2016/8/25,3.029
2016/8/26,3.0254
2016/8/29,3.0245
2016/8/30,3.0371
2016/8/31,3.0497
2016/9/1,3.0173
2016/9/2,3.0308
2016/9/5,3.0371
2016/9/6,3.0632
2016/9/7,3.065
2016/9/8,3.0605
2016/9/9,3.0452
2016/9/12,2.9849
2016/9/13,2.9849
2016/9/14,2.9669
2016/9/19,2.9858
2016/9/20,2.9822
2016/9/21,2.9939
2016/9/22,3.0137
2016/9/23,3.0065
2016/9/26,2.9561
2016/9/27,2.9714
2016/9/28,2.9669
2016/9/29,2.9804
2016/9/30,2.9894
2016/10/10,3.0236
2016/10/11,3.0308
2016/10/12,3.0236
2016/10/13,3.0236
2016/10/14,3.0326
2016/10/17,3.0047
2016/10/18,3.0425
2016/10/19,3.0407
2016/10/20,3.0362
2016/10/21,3.0515
2016/10/24,3.0884
2016/10/25,3.0803
2016/10/26,3.0713
2016/10/27,3.0668
2016/10/28,3.0623
2016/10/31,3.056
2016/11/1,3.0749
2016/11/2,3.0542
2016/11/3,3.0776
2016/11/4,3.0677
2016/11/7,3.0704
2016/11/8,3.0866
2016/11/9,3.0749
2016/11/10,3.1064
2016/11/11,3.1334
2016/11/14,3.1379
2016/11/15,3.1343
2016/11/16,3.1352
2016/11/17,3.1424
2016/11/18,3.1316
2016/11/21,3.146
2016/11/22,3.1775
2016/11/23,3.1829
2016/11/24,3.1919
2016/11/25,3.227
2016/11/28,3.2414
2016/11/29,3.2666
2016/11/30,3.2369
2016/12/1,3.2675
2016/12/2,3.2315
2016/12/5,3.1667
2016/12/6,3.1613
2016/12/7,3.1757
2016/12/8,3.1829
2016/12/9,3.2009
2016/12/12,3.1163
2016/12/13,3.1118
2016/12/14,3.0902
2016/12/15,3.0551
2016/12/16,3.0551
2016/12/19,3.0461
2016/12/20,3.0236
2016/12/21,3.0569
2016/12/22,3.0515
2016/12/23,3.0272
2016/12/26,3.038
2016/12/27,3.0335
2016/12/28,3.0173
2016/12/29,3.0191
2016/12/30,3.0218
2017/1/3,3.056
2017/1/4,3.083
2017/1/5,3.0767
2017/1/6,3.0668
2017/1/9,3.0776
2017/1/10,3.0695
2017/1/11,3.047
2017/1/12,3.0317
2017/1/13,3.0371
2017/1/16,3.0335
2017/1/17,3.038
2017/1/18,3.0578
2017/1/19,3.047
2017/1/20,3.0731
2017/1/23,3.0741
2017/1/24,3.076
2017/1/25,3.0851
2017/1/26,3.0979
2017/2/3,3.0796
2017/2/6,3.0787
2017/2/7,3.0732
2017/2/8,3.0943
2017/2/9,3.1052
2017/2/10,3.1217
2017/2/13,3.1382
2017/2/14,3.1418
2017/2/15,3.1308
2017/2/16,3.1446
2017/2/17,3.1263
2017/2/20,3.1775
2017/2/21,3.1775
2017/2/22,3.1876
2017/2/23,3.1738
2017/2/24,3.1711
2017/2/27,3.1464
2017/2/28,3.151
2017/3/1,3.1546
2017/3/2,3.1437
2017/3/3,3.1318
2017/3/6,3.1473
2017/3/7,3.1519
2017/3/8,3.1555
2017/3/9,3.1272
2017/3/10,3.1299
2017/3/13,3.1638
2017/3/14,3.1565
2017/3/15,3.1619
2017/3/16,3.1812
2017/3/17,3.1455
2017/3/20,3.1473
2017/3/21,3.1693
2017/3/22,3.1528
2017/3/23,3.1619
2017/3/24,3.1921
2017/3/27,3.1775
2017/3/28,3.1729
2017/3/29,3.1665
2017/3/30,3.1363
2017/3/31,3.1592
2017/4/5,3.2113
2017/4/6,3.2077
2017/4/7,3.2141
2017/4/10,3.2058
2017/4/11,3.2141
2017/4/12,3.2022
2017/4/13,3.2141
2017/4/14,3.1876
2017/4/17,3.1766
2017/4/18,3.1693
2017/4/19,3.1446
2017/4/20,3.1619
2017/4/21,3.1647
2017/4/24,3.1308
2017/4/25,3.1409
2017/4/26,3.1482
2017/4/27,3.1501
2017/4/28,3.1382
2017/5/2,3.1336
2017/5/3,3.118
2017/5/4,3.1062
2017/5/5,3.086
2017/5/8,3.0595
2017/5/9,3.0622
2017/5/10,3.0513
2017/5/11,3.0668
2017/5/12,3.0915
2017/5/15,3.1043
2017/5/16,3.1409
2017/5/17,3.1199
2017/5/18,3.1062
2017/5/19,3.1116
2017/5/22,3.1144
2017/5/23,3.1281
2017/5/24,3.1281
2017/5/25,3.1949
2017/5/26,3.1894
2017/5/31,3.1912
2017/6/1,3.1985
2017/6/2,3.1903
2017/6/5,3.1693
2017/6/6,3.194
2017/6/7,3.2379
2017/6/8,3.2607
2017/6/9,3.2808
2017/6/12,3.2744
2017/6/13,3.2808
2017/6/14,3.2479
2017/6/15,3.2369
2017/6/16,3.2315
2017/6/19,3.268
2017/6/20,3.258
2017/6/21,3.2991
2017/6/22,3.3028
2017/6/23,3.3348
2017/6/26,3.376
2017/6/27,3.3778
2017/6/28,3.3549
2017/6/29,3.3751
2017/6/30,3.3696
2017/7/3,3.3549
2017/7/4,3.3275
2017/7/5,3.3705
2017/7/6,3.3677
2017/7/7,3.3659
2017/7/10,3.3696
2017/7/11,3.397
2017/7/12,3.3769
2017/7/13,3.4116
2017/7/14,3.4345
2017/7/17,3.3879
2017/7/18,3.3897
2017/7/19,3.4601
2017/7/20,3.4766
2017/7/21,3.4592
2017/7/24,3.4766
2017/7/25,3.4501
2017/7/26,3.4309
2017/7/27,3.4409
2017/7/28,3.4537
2017/7/31,3.4665
2017/8/1,3.494
2017/8/2,3.494
2017/8/3,3.4592
2017/8/4,3.4382
2017/8/7,3.4592
2017/8/8,3.4601
2017/8/9,3.4574
2017/8/10,3.4501
2017/8/11,3.3842
2017/8/14,3.4263
2017/8/15,3.4354
2017/8/16,3.4299
2017/8/17,3.4565
2017/8/18,3.4583
2017/8/21,3.4729
2017/8/22,3.4784
2017/8/23,3.4876
2017/8/24,3.4693
2017/8/25,3.5296
2017/8/28,3.5699
2017/8/29,3.5626
2017/8/30,3.5589
2017/8/31,3.5525
2017/9/1,3.5571
2017/9/4,3.5699
2017/9/5,3.5827
2017/9/6,3.5717
2017/9/7,3.5562
2017/9/8,3.5525
2017/9/11,3.558
2017/9/12,3.5671
2017/9/13,3.5699
2017/9/14,3.558
2017/9/15,3.5635
2017/9/18,3.5772
2017/9/19,3.5543
2017/9/20,3.5708
2017/9/21,3.5717
2017/9/22,3.5616
2017/9/25,3.547
2017/9/26,3.5488
2017/9/27,3.5516
2017/9/28,3.5571
2017/9/29,3.569
2017/10/9,3.6065
2017/10/10,3.611
2017/10/11,3.6248
2017/10/12,3.6403
2017/10/13,3.6476
2017/10/16,3.6348
2017/10/17,3.633
2017/10/18,3.6549
2017/10/19,3.6449
2017/10/20,3.6431
2017/10/23,3.654
2017/10/24,3.6778
2017/10/25,3.6897
2017/10/26,3.7162
2017/10/27,3.7345
2017/10/30,3.7181
2017/10/31,3.7153
2017/11/1,3.7025
2017/11/2,3.7089
2017/11/3,3.6988
2017/11/6,3.7318
2017/11/7,3.7684
2017/11/8,3.7601
2017/11/9,3.7885
2017/11/10,3.8223
2017/11/13,3.8306
2017/11/14,3.8013
2017/11/15,3.7738
2017/11/16,3.8095
2017/11/17,3.8141
2017/11/20,3.8443
2017/11/21,3.9202
2017/11/22,3.9193
2017/11/23,3.7949
2017/11/24,3.7985
2017/11/27,3.7373
2017/11/28,3.7546
2017/11/29,3.751
2017/11/30,3.708
2017/12/1,3.7107
2017/12/4,3.7263
2017/12/5,3.7491
2017/12/6,3.7208
2017/12/7,3.6787
2017/12/8,3.7144
2017/12/11,3.7757
2017/12/12,3.7162
2017/12/13,3.7427
2017/12/14,3.7309
2017/12/15,3.6815
2017/12/18,3.6824
2017/12/19,3.7309
2017/12/20,3.7226
2017/12/21,3.7684
2017/12/22,3.751
2017/12/25,3.7336
2017/12/26,3.7446
2017/12/27,3.6824
2017/12/28,3.7162
2017/12/29,3.7281
2018/1/2,3.783
2018/1/3,3.8031
2018/1/4,3.815
2018/1/5,3.8296
2018/1/8,3.8452
2018/1/9,3.8763
2018/1/10,3.8927
2018/1/11,3.8873
2018/1/12,3.9083
2018/1/15,3.901
2018/1/16,3.9403
2018/1/17,3.9284
2018/1/18,3.954
2018/1/19,3.965
2018/1/22,4.0153
2018/1/23,4.056
2018/1/24,4.0588
2018/1/25,4.0329
2018/1/26,4.0533
2018/1/29,3.9765
2018/1/30,3.9359
2018/1/31,3.9479
2018/2/1,3.9201
2018/2/2,3.9442
2018/2/5,3.9405
2018/2/6,3.8296
2018/2/7,3.739
2018/2/8,3.7085
2018/2/9,3.5375
2018/2/12,3.5883
2018/2/13,3.6318
2018/2/14,3.6641
2018/2/22,3.7399
2018/2/23,3.7602
2018/2/26,3.8083
2018/2/27,3.7538
2018/2/28,3.7159
2018/3/1,3.7427
2018/3/2,3.7177
2018/3/5,3.7094
2018/3/6,3.7649
2018/3/7,3.7344
2018/3/8,3.7723
2018/3/9,3.8
2018/3/12,3.8111
2018/3/13,3.7704
2018/3/14,3.7575
2018/3/15,3.7852
2018/3/16,3.7436
2018/3/19,3.7639
2018/3/20,3.7621
2018/3/21,3.7427
2018/3/22,3.7094
2018/3/23,3.5994
2018/3/26,3.5828
2018/3/27,3.6151
2018/3/28,3.5421
2018/3/29,3.6068
2018/3/30,3.6012
2018/4/2,3.5892
2018/4/3,3.5661
2018/4/4,3.5569
2018/4/9,3.5615
2018/4/10,3.6308
2018/4/11,3.6354
2018/4/12,3.5976
2018/4/13,3.5726
2018/4/16,3.5162
2018/4/17,3.4644
2018/4/18,3.4718
2018/4/19,3.5208
2018/4/20,3.4663
2018/4/23,3.4811
2018/4/24,3.5541
2018/4/25,3.5328
2018/4/26,3.4626
2018/4/27,3.47
2018/5/2,3.4811
2018/5/3,3.5014
2018/5/4,3.4848
2018/5/7,3.5412
2018/5/8,3.5874
2018/5/9,3.5772
2018/5/10,3.6012
2018/5/11,3.58
2018/5/14,3.6114
2018/5/15,3.6253
2018/5/16,3.5957
2018/5/17,3.5652
2018/5/18,3.604
2018/5/21,3.6216
2018/5/22,3.6068
2018/5/23,3.5597
2018/5/24,3.531
2018/5/25,3.5227
2018/5/28,3.5449
2018/5/29,3.5116
2018/5/30,3.445
2018/5/31,3.5153
2018/6/1,3.4913
2018/6/4,3.5255
2018/6/5,3.555
2018/6/6,3.5486
2018/6/7,3.5476
2018/6/8,3.5005
2018/6/11,3.5097
2018/6/12,3.5449
2018/6/13,3.5088
2018/6/14,3.4996
2018/6/15,3.494
2018/6/19,3.3739
2018/6/20,3.3739
2018/6/21,3.3461
2018/6/22,3.3609
2018/6/25,3.3138
2018/6/26,3.2814
2018/6/27,3.2038
2018/6/28,3.1853
2018/6/29,3.2694
2018/7/2,3.1825
2018/7/3,3.1705
2018/7/4,3.1372
2018/7/5,3.1113
2018/7/6,3.1382
2018/7/9,3.2297
2018/7/10,3.238
2018/7/11,3.1844
2018/7/12,3.2611
2018/7/13,3.2666
2018/7/16,3.2528
2018/7/17,3.2324
2018/7/18,3.2176
2018/7/19,3.2195
2018/7/20,3.2814
2018/7/23,3.3027
2018/7/24,3.3637
2018/7/25,3.3628
2018/7/26,3.3193
2018/7/27,3.311
2018/7/30,3.2925
2018/7/31,3.3045
2018/8/1,3.2306
2018/8/2,3.1585
2018/8/3,3.1141
2018/8/6,3.0818
2018/8/7,3.1677
2018/8/8,3.1215
2018/8/9,3.1964
2018/8/10,3.2019
2018/8/13,3.1881
2018/8/14,3.1742
2018/8/15,3.0984
2018/8/16,3.0855
2018/8/17,3.0383
2018/8/20,3.0707
2018/8/21,3.1234
2018/8/22,3.1178
2018/8/23,3.1271
2018/8/24,3.1317
2018/8/27,3.2103
2018/8/28,3.201
2018/8/29,3.189
2018/8/30,3.1576
2018/8/31,3.1335
2018/9/3,3.1271
2018/9/4,3.164
2018/9/5,3.0993
2018/9/6,3.0725
2018/9/7,3.0929
2018/9/10,3.0485
2018/9/11,3.0374
2018/9/12,3.0161
2018/9/13,3.0485
2018/9/14,3.0531
2018/9/17,3.0245
2018/9/18,3.0827
2018/9/19,3.1243
2018/9/20,3.1224
2018/9/21,3.2204
2018/9/25,3.1881
2018/9/26,3.2232
2018/9/27,3.2093
2018/9/28,3.2426
2018/10/8,3.0882
2018/10/9,3.0947
2018/10/10,3.0929
2018/10/11,2.9339
2018/10/12,2.9884
2018/10/15,2.945
2018/10/16,2.9256
2018/10/17,2.9357
2018/10/18,2.871
2018/10/19,2.944
2018/10/22,3.0993
2018/10/23,2.9949
2018/10/24,2.9995
2018/10/25,3.0143
2018/10/26,2.9838
2018/10/29,2.8941
2018/10/30,2.9283
2018/10/31,2.9625
2018/11/1,2.9838
2018/11/2,3.1086
2018/11/5,3.0688
2018/11/6,3.0494
2018/11/7,3.0245
2018/11/8,3.0217
2018/11/9,2.9838
2018/11/12,3.0171
2018/11/13,3.0485
2018/11/14,3.0115
2018/11/15,3.0513
2018/11/16,3.0605
2018/11/19,3.0947
2018/11/20,3.0272
2018/11/21,3.03
2018/11/22,3.0217
2018/11/23,2.9431
2018/11/26,2.9477
2018/11/27,2.945
2018/11/28,2.9893
2018/11/29,2.9598
2018/11/30,2.9903
2018/12/3,3.0679
2018/12/4,3.0725
2018/12/5,3.0587
2018/12/6,2.9967
2018/12/7,2.9903
2018/12/10,2.9625
2018/12/11,2.9745
2018/12/12,2.9847
2018/12/13,3.0355
2018/12/14,2.9829
2018/12/17,2.9792
2018/12/18,2.9422
2018/12/19,2.9117
2018/12/20,2.8904
2018/12/21,2.8544
2018/12/24,2.8608
2018/12/25,2.8433
2018/12/26,2.8276
2018/12/27,2.8211
2018/12/28,2.8276
2019/1/2,2.7887
2019/1/3,2.7887
2019/1/4,2.8599
2019/1/7,2.8719
2019/1/8,2.8719
2019/1/9,2.8932
2019/1/10,2.896
2019/1/11,2.9172
2019/1/14,2.8923
2019/1/15,2.9468
2019/1/16,2.9469
2019/1/17,2.9309
2019/1/18,2.9818
2019/1/21,2.9978
2019/1/22,2.9601
2019/1/23,2.9526
2019/1/24,2.9752
2019/1/25,2.9978
2019/1/28,2.994
2019/1/29,3.0072
2019/1/30,2.9874
2019/1/31,3.0157
2019/2/1,3.0656
2019/2/11,3.108
2019/2/12,3.1306
2019/2/13,3.1956
2019/2/14,3.1993
2019/2/15,3.1466
2019/2/18,3.238
2019/2/19,3.2295
2019/2/20,3.238
2019/2/21,3.2342
2019/2/22,3.3208
2019/2/25,3.5554
2019/2/26,3.4753
2019/2/27,3.4565
2019/2/28,3.4499
2019/3/1,3.5205
2019/3/4,3.5572
2019/3/5,3.5874
2019/3/6,3.6119
2019/3/7,3.5723
2019/3/8,3.448
2019/3/11,3.4941
2019/3/12,3.5177
2019/3/13,3.497
2019/3/14,3.4715
2019/3/15,3.5177
2019/3/18,3.626
2019/3/19,3.5996
2019/3/20,3.5996
2019/3/21,3.6015
2019/3/22,3.6062
2019/3/25,3.5167
2019/3/26,3.48
2019/3/27,3.5101
2019/3/28,3.5007
2019/3/29,3.6439
2019/4/1,3.7381
2019/4/2,3.7315
2019/4/3,3.7814
2019/4/4,3.8257
2019/4/8,3.8012
2019/4/9,3.8238
2019/4/10,3.8294
2019/4/11,3.7635
2019/4/12,3.7503
2019/4/15,3.7268
2019/4/16,3.8398
2019/4/17,3.8304
2019/4/18,3.8238
2019/4/19,3.8803
2019/4/22,3.7833
2019/4/23,3.7767
2019/4/24,3.7823
2019/4/25,3.7042
2019/4/26,3.6533
2019/4/29,3.6674
2019/4/30,3.6693
2019/5/6,3.4593
2019/5/7,3.4913
2019/5/8,3.4461
2019/5/9,3.3971
2019/5/10,3.5036
2019/5/13,3.4395
2019/5/14,3.4226
2019/5/15,3.496
2019/5/16,3.513
2019/5/17,3.4339
2019/5/20,3.3962
2019/5/21,3.4386
2019/5/22,3.4301
2019/5/23,3.3755
2019/5/24,3.3811
2019/5/27,3.4216
2019/5/28,3.4376
2019/5/29,3.4395
2019/5/30,3.4376
2019/5/31,3.4207
2019/6/3,3.4282
2019/6/4,3.3971
2019/6/5,3.3896
2019/6/6,3.3604
2019/6/10,3.4037
2019/6/11,3.5101
2019/6/12,3.4838
2019/6/13,3.4772
2019/6/14,3.4565
2019/6/17,3.4593
2019/6/18,3.4668
2019/6/19,3.5177
2019/6/20,3.6194
2019/6/21,3.626
2019/6/24,3.6316
2019/6/25,3.5949
2019/6/26,3.5959
2019/6/27,3.6354
2019/6/28,3.6345
2019/7/1,3.7239
2019/7/2,3.7296
2019/7/3,3.6985
2019/7/4,3.674
2019/7/5,3.6929
2019/7/8,3.6081
2019/7/9,3.5996
2019/7/10,3.6006
2019/7/11,3.6015
2019/7/12,3.6307
2019/7/15,3.6439
2019/7/16,3.6288
2019/7/17,3.6232
2019/7/18,3.5996
2019/7/19,3.6373
2019/7/22,3.609
2019/7/23,3.6175
2019/7/24,3.6467
2019/7/25,3.6797
2019/7/26,3.6844
2019/7/29,3.6787
2019/7/30,3.6957
2019/7/31,3.6693
2019/8/1,3.6354
2019/8/2,3.5798
2019/8/5,3.5177
2019/8/6,3.4809
2019/8/7,3.4583
2019/8/8,3.5092
2019/8/9,3.4819
2019/8/12,3.5375
2019/8/13,3.5073
2019/8/14,3.5205
2019/8/15,3.5346
2019/8/16,3.5497
2019/8/19,3.6345
2019/8/20,3.6194
2019/8/21,3.6185
2019/8/22,3.626
2019/8/23,3.6514
2019/8/26,3.6109
2019/8/27,3.6486
2019/8/28,3.6373
2019/8/29,3.6269
2019/8/30,3.6363
2019/9/2,3.6768
2019/9/3,3.6806
2019/9/4,3.7268
2019/9/5,3.7616
2019/9/6,3.787
2019/9/9,3.8021
2019/9/10,3.7917
2019/9/11,3.7644
2019/9/12,3.803
2019/9/16,3.7899
2019/9/17,3.7211
2019/9/18,3.7371
2019/9/19,3.755
2019/9/20,3.7607
2019/9/23,3.7277
2019/9/24,3.7305
2019/9/25,3.7051
2019/9/26,3.6797
2019/9/27,3.6881
2019/9/30,3.6439
2019/10/8,3.6674
2019/10/9,3.6778
2019/10/10,3.7042
2019/10/11,3.7494
2019/10/14,3.7767
2019/10/15,3.7644
2019/10/16,3.7513
2019/10/17,3.7569
2019/10/18,3.7023
2019/10/21,3.7108
2019/10/22,3.7249
2019/10/23,3.7051
2019/10/24,3.7098
2019/10/25,3.7324
2019/10/28,3.7541
2019/10/29,3.7418
2019/10/30,3.7173
2019/10/31,3.7155
2019/11/1,3.7917
2019/11/4,3.804
2019/11/5,3.8257
2019/11/6,3.8096
2019/11/7,3.8144
2019/11/8,3.7993
2019/11/11,3.7362
2019/11/12,3.7315
2019/11/13,3.7286
2019/11/14,3.7315
2019/11/15,3.7136
2019/11/18,3.7399
2019/11/19,3.7776
2019/11/20,3.739
2019/11/21,3.7202
2019/11/22,3.6806
2019/11/25,3.707
2019/11/26,3.7126
2019/11/27,3.707
2019/11/28,3.7013
2019/11/29,3.6608
2019/12/2,3.6684
2019/12/3,3.6834
2019/12/4,3.6853
2019/12/5,3.7126
2019/12/6,3.7352
2019/12/9,3.723
2019/12/10,3.7258
2019/12/11,3.7315
2019/12/12,3.721
2019/12/13,3.7965
2019/12/16,3.808
2019/12/17,3.8673
2019/12/18,3.853
2019/12/19,3.8463
2019/12/20,3.8425
2019/12/23,3.7927
2019/12/24,3.8128
2019/12/25,3.8195
2019/12/26,3.8473
2019/12/27,3.8434
2019/12/30,3.8989
2019/12/31,3.919
2020/1/2,3.9697
2020/1/3,3.9602
2020/1/6,3.9448
2020/1/7,3.9755
2020/1/8,3.9362
2020/1/9,3.9783
2020/1/10,3.9774
2020/1/13,4.0204
2020/1/14,4.0032
2020/1/15,3.9726
2020/1/16,3.9669
2020/1/17,3.9716
2020/1/20,4.0003
2020/1/21,3.9276
2020/1/22,3.941
2020/1/23,3.8233
2020/2/3,3.5009
2020/2/4,3.6071
2020/2/5,3.6425
2020/2/6,3.7286
2020/2/7,3.72
2020/2/10,3.7324
2020/2/11,3.7726
2020/2/12,3.7994
2020/2/13,3.7793
2020/2/14,3.8052
2020/2/17,3.8884
2020/2/18,3.8645
2020/2/19,3.8654
2020/2/20,3.9525
2020/2/21,3.9659
2020/2/24,3.9343
2020/2/25,3.9267
2020/2/26,3.8941
2020/2/27,3.8951
2020/2/28,3.7631
2020/3/2,3.8999
2020/3/3,3.897
2020/3/4,3.9248
2020/3/5,4.0185
2020/3/6,3.9429
2020/3/9,3.8176
2020/3/10,3.9018
2020/3/11,3.8377
2020/3/12,3.7774
2020/3/13,3.721
2020/3/16,3.565
2020/3/17,3.5334
2020/3/18,3.4741
2020/3/19,3.4406
2020/3/20,3.4865
2020/3/23,3.3736
2020/3/24,3.455
2020/3/25,3.5459
2020/3/26,3.5239
2020/3/27,3.5401
2020/3/30,3.5076
2020/3/31,3.5105
2020/4/1,3.5143
2020/4/2,3.5621
2020/4/3,3.5373
2020/4/7,3.6167
2020/4/8,3.6023
2020/4/9,3.6128
2020/4/10,3.6014
2020/4/13,3.5813
2020/4/14,3.6406
2020/4/15,3.6195
2020/4/16,3.6215
2020/4/17,3.654
2020/4/20,3.6693
2020/4/21,3.631
2020/4/22,3.6635
2020/4/23,3.6569
2020/4/24,3.6262
2020/4/27,3.6425
2020/4/28,3.6655
2020/4/29,3.6846
2020/4/30,3.7391
2020/5/6,3.7487
2020/5/7,3.742
2020/5/8,3.7822
2020/5/11,3.7755
2020/5/12,3.7745
2020/5/13,3.7831
2020/5/14,3.7516
2020/5/15,3.7334
2020/5/18,3.7449
2020/5/19,3.7726
2020/5/20,3.7573
2020/5/21,3.7324
2020/5/22,3.6502
2020/5/25,3.6521
2020/5/26,3.6961
2020/5/27,3.6789
2020/5/28,3.6836
2020/5/29,3.699
2020/6/1,3.7965
2020/6/2,3.8071
2020/6/3,3.8061
2020/6/4,3.808
2020/6/5,3.83
2020/6/8,3.8482
2020/6/9,3.874
2020/6/10,3.8654
2020/6/11,3.83
2020/6/12,3.8396
2020/6/15,3.7851
2020/6/16,3.8444
2020/6/17,3.8482
2020/6/18,3.8779
2020/6/19,3.9276
2020/6/22,3.9315
2020/6/23,3.9496
2020/6/24,3.9841
2020/6/29,3.9496
2020/6/30,3.9975
2020/7/1,4.0874
2020/7/2,4.1812
2020/7/3,4.2644
2020/7/6,4.5773
2020/7/7,4.5314
2020/7/8,4.5907
2020/7/9,4.6615
2020/7/10,4.5782
2020/7/13,4.6739
2020/7/14,4.6328
2020/7/15,4.5773
2020/7/16,4.3591
2020/7/17,4.406
2020/7/20,4.5227
2020/7/21,4.5342
2020/7/22,4.5849
2020/7/23,4.5601
2020/7/24,4.3572
2020/7/27,4.384
2020/7/28,4.4175
2020/7/29,4.5438
2020/7/30,4.5103
2020/7/31,4.5448
2020/8/3,4.6165
2020/8/4,4.6203
2020/8/5,4.6223
2020/8/6,4.605
2020/8/7,4.5591
2020/8/10,4.5744
2020/8/11,4.5294
2020/8/12,4.4988
2020/8/13,4.4845
2020/8/14,4.5715
2020/8/17,4.6663
2020/8/18,4.6596
2020/8/19,4.5869
2020/8/20,4.5381
2020/8/21,4.5763
2020/8/24,4.605
2020/8/25,4.6136
2020/8/26,4.5572
2020/8/27,4.5916
2020/8/28,4.7045
2020/8/31,4.6634
2020/9/1,4.6959
2020/9/2,4.6921
2020/9/3,4.673
2020/9/4,4.6203
2020/9/7,4.5275
2020/9/8,4.5505
2020/9/9,4.4443
2020/9/10,4.4481
2020/9/11,4.4826
2020/9/14,4.5084
2020/9/15,4.5419
2020/9/16,4.5151
2020/9/17,4.4873
2020/9/18,4.6031
2020/9/21,4.5505
2020/9/22,4.496
2020/9/23,4.5094
2020/9/24,4.4357
2020/9/25,4.4385
2020/9/28,4.4481
2020/9/29,4.4586
2020/9/30,4.4452
2020/10/9,4.5342
2020/10/12,4.6758
2020/10/13,4.6911
2020/10/14,4.6682
2020/10/15,4.6567
2020/10/16,4.6433
2020/10/19,4.6136
2020/10/20,4.6423
2020/10/21,4.6481
2020/10/22,4.6328
2020/10/23,4.5792
2020/10/26,4.5448
2020/10/27,4.5581
2020/10/28,4.5964
2020/10/29,4.6385
2020/10/30,4.5515
2020/11/2,4.5782
2020/11/3,4.627
2020/11/4,4.6624
2020/11/5,4.7352
2020/11/6,4.7371
2020/11/9,4.8299
2020/11/10,4.804
2020/11/11,4.7591
2020/11/12,4.7562
2020/11/13,4.7074
2020/11/16,4.7581
2020/11/17,4.7495
2020/11/18,4.7428
2020/11/19,4.783
2020/11/20,4.7973
2020/11/23,4.8528
2020/11/24,4.8222
2020/11/25,4.7629
2020/11/26,4.7696
2020/11/27,4.8375
2020/11/30,4.8136
2020/12/1,4.9198
2020/12/2,4.9093
2020/12/3,4.9074
2020/12/4,4.9179
2020/12/7,4.8758
2020/12/8,4.8605
2020/12/9,4.8031
2020/12/10,4.7935
2020/12/11,4.7399
2020/12/14,4.782
2020/12/15,4.7964
2020/12/16,4.806
2020/12/17,4.8739
2020/12/18,4.8461
2020/12/21,4.8892
2020/12/22,4.8155
2020/12/23,4.8548
2020/12/24,4.8548
2020/12/25,4.8949
2020/12/28,4.9083
2020/12/29,4.893
2020/12/30,4.9543
2020/12/31,5.0585
2021/1/4,5.1035
2021/1/5,5.1982
2021/1/6,5.2451
2021/1/7,5.3571
2021/1/8,5.3303
2021/1/11,5.27
2021/1/12,5.4231
2021/1/13,5.402
2021/1/14,5.3035
2021/1/15,5.2872
2021/1/18,5.3444
2021/1/19,5.2717
2021/1/20,5.3008
2021/1/21,5.3919
2021/1/22,5.3948
2021/1/25,5.4588
2021/1/26,5.3425
2021/1/27,5.3522
2021/1/28,5.2203
2021/1/29,5.1845
2021/2/1,5.2455
2021/2/2,5.3231
2021/2/3,5.3173
2021/2/4,5.3066
2021/2/5,5.3144
2021/2/8,5.3842
2021/2/9,5.5179
2021/2/10,5.6294
2021/2/18,5.5877
2021/2/19,5.6188
2021/2/22,5.4181
2021/2/23,5.4035
2021/2/24,5.261
2021/2/25,5.3105
2021/2/26,5.166
2021/3/1,5.2523
2021/3/2,5.1854
2021/3/3,5.2872
2021/3/4,5.1253
2021/3/5,5.105
2021/3/8,4.9247
2021/3/9,4.8267
2021/3/10,4.8471
2021/3/11,4.9722
2021/3/12,4.9848
2021/3/15,4.8859
2021/3/16,4.9179
2021/3/17,4.9402
2021/3/18,4.9789
2021/3/19,4.8442
2021/3/22,4.8994
2021/3/23,4.8558
2021/3/24,4.7821
2021/3/25,4.7783
2021/3/26,4.8791
2021/3/29,4.8888
2021/3/30,4.9314
2021/3/31,4.8956
2021/4/1,4.9557
2021/4/2,5.0032
2021/4/6,4.976
2021/4/7,4.9421
2021/4/8,4.9528
2021/4/9,4.8839
2021/4/12,4.8025
2021/4/13,4.7957
2021/4/14,4.8229
2021/4/15,4.7957
2021/4/16,4.8112
2021/4/19,4.9334
2021/4/20,4.9256
2021/4/21,4.9373
2021/4/22,4.9334
2021/4/23,4.9828
2021/4/26,4.9208
2021/4/27,4.9334
2021/4/28,4.9702
2021/4/29,5.0148
2021/4/30,4.9712
2021/5/6,4.9062
2021/5/7,4.8471
2021/5/10,4.8461
2021/5/11,4.8713
2021/5/12,4.9014
2021/5/13,4.8481
2021/5/14,4.9702
2021/5/17,5.0293
2021/5/18,5.0313
2021/5/19,5.0177
2021/5/20,5.0313
2021/5/21,4.978
2021/5/24,5.0051
2021/5/25,5.1641
2021/5/26,5.1651
2021/5/27,5.1835
2021/5/28,5.1689
2021/5/31,5.1748
2021/6/1,5.1825
2021/6/2,5.1408
2021/6/3,5.1011
2021/6/4,5.1331
2021/6/7,5.1273
2021/6/8,5.0865
2021/6/9,5.0943
2021/6/10,5.1273
2021/6/11,5.0798
2021/6/15,5.0226
2021/6/16,4.9537
2021/6/17,4.9644
2021/6/18,4.9692
2021/6/21,4.9625
2021/6/22,4.9877
2021/6/23,5.0177
2021/6/24,5.0303
2021/6/25,5.1088
2021/6/28,5.1176
2021/6/29,5.0652
2021/6/30,5.0953
2021/7/1,5.0933
2021/7/2,4.9566
2021/7/5,4.9634
2021/7/6,4.9702
2021/7/7,5.0216
2021/7/8,4.9789
2021/7/9,4.9557
2021/7/12,5.0216
2021/7/13,5.0371
2021/7/14,4.9818
2021/7/15,5.0478
2021/7/16,4.9983
2021/7/19,5.0197
2021/7/20,5.0071
2021/7/21,5.0449
2021/7/22,5.0497
2021/7/23,4.9993
2021/7/26,4.8296
2021/7/27,4.6619
2021/7/28,4.6716
2021/7/29,4.756
2021/7/30,4.723
2021/8/2,4.8403
2021/8/3,4.8423
2021/8/4,4.8849
2021/8/5,4.8558
2021/8/6,4.8403
2021/8/9,4.8936
2021/8/10,4.9489
2021/8/11,4.9227
2021/8/12,4.8917
2021/8/13,4.8655
2021/8/16,4.8626
2021/8/17,4.754
2021/8/18,4.8054
2021/8/19,4.7725
2021/8/20,4.6852
2021/8/23,4.755
2021/8/24,4.8054
2021/8/25,4.819
2021/8/26,4.7366
2021/8/27,4.7492
2021/8/30,4.7317
2021/8/31,4.7298
2021/9/1,4.7977
2021/9/2,4.7938
2021/9/3,4.7676
2021/9/6,4.849
2021/9/7,4.9101
2021/9/8,4.8898
2021/9/9,4.8878
2021/9/10,4.9353
2021/9/13,4.9091
2021/9/14,4.8452
2021/9/15,4.7938
2021/9/16,4.7395
2021/9/17,4.7773
2021/9/22,4.7453
2021/9/23,4.7734
2021/9/24,4.7802
2021/9/27,4.8112
2021/9/28,4.8025
2021/9/29,4.7705
2021/9/30,4.7841
2021/10/8,4.8529
2021/10/11,4.8519
2021/10/12,4.8015
2021/10/13,4.8558
2021/10/14,4.8296
2021/10/15,4.8529
2021/10/18,4.7967
2021/10/19,4.8423
2021/10/20,4.8287
2021/10/21,4.85
2021/10/22,4.882
2021/10/25,4.8985
2021/10/26,4.882
2021/10/27,4.818
2021/10/28,4.7977
2021/10/29,4.8287
2021/11/1,4.8132
2021/11/2,4.7628
2021/11/3,4.7434
2021/11/4,4.7889
2021/11/5,4.7725
2021/11/8,4.7686
2021/11/9,4.7666
2021/11/10,4.7424
2021/11/11,4.82
2021/11/12,4.818
2021/11/15,4.8122
2021/11/16,4.8083
2021/11/17,4.8074
2021/11/18,4.7647
2021/11/19,4.818
2021/11/22,4.8306
2021/11/23,4.8335
2021/11/24,4.8442
2021/11/25,4.8258
2021/11/26,4.7851
2021/11/29,4.7783
2021/11/30,4.7608
2021/12/1,4.7734
2021/12/2,4.7831
2021/12/3,4.8267
2021/12/6,4.8219
2021/12/7,4.849
2021/12/8,4.9188
2021/12/9,5.0003
2021/12/10,4.9857
2021/12/13,4.9983
2021/12/14,4.9683
2021/12/15,4.9237
2021/12/16,4.9499
2021/12/17,4.8791
2021/12/20,4.8064
2021/12/21,4.8267
2021/12/22,4.8296
2021/12/23,4.8665
2021/12/24,4.8442
2021/12/27,4.8481
2021/12/28,4.8733
2021/12/29,4.8083
2021/12/30,4.8432
2021/12/31,4.8549
2022/1/4,4.8374
2022/1/5,4.7918
2022/1/6,4.7376
2022/1/7,4.7492
2022/1/10,4.7618
2022/1/11,4.7182
2022/1/12,4.7686
2022/1/13,4.6901
2022/1/14,4.6474
2022/1/17,4.6871
2022/1/18,4.7317
2022/1/19,4.7061
2022/1/20,4.7435
2022/1/21,4.7101
2022/1/24,4.712
2022/1/25,4.6077
2022/1/26,4.6333
2022/1/27,4.5535
2022/1/28,4.4836
2022/2/7,4.5545
2022/2/8,4.5328
2022/2/9,4.5712
2022/2/10,4.5604
2022/2/11,4.525
2022/2/14,4.4767
2022/2/15,4.5181
2022/2/16,4.5387
2022/2/17,4.5486
2022/2/18,4.5722
2022/2/21,4.5555
2022/2/22,4.4964
2022/2/23,4.5437
2022/2/24,4.46
2022/2/25,4.4944
2022/2/28,4.5003
2022/3/1,4.5378
2022/3/2,4.5033
2022/3/3,4.4747
2022/3/4,4.4245
2022/3/7,4.2788
2022/3/8,4.1981
2022/3/9,4.1587
2022/3/10,4.2178
2022/3/11,4.2453
2022/3/14,4.1075
2022/3/15,3.9116
2022/3/16,4.0819
2022/3/17,4.1646
2022/3/18,4.1922
2022/3/21,4.1863
2022/3/22,4.1823
2022/3/23,4.207
2022/3/24,4.1804
2022/3/25,4.1046
2022/3/28,4.0799
2022/3/29,4.0622
2022/3/30,4.1833
2022/3/31,4.1528
2022/4/1,4.203
2022/4/6,4.1912
2022/4/7,4.14
2022/4/8,4.1676
2022/4/11,4.0376
2022/4/12,4.1065
2022/4/13,4.075
2022/4/14,4.1183
2022/4/15,4.1164
2022/4/18,4.0967
2022/4/19,4.0701
2022/4/20,4.0012
2022/4/21,3.9342
2022/4/22,3.9441
2022/4/25,3.7541
2022/4/26,3.7245
2022/4/27,3.8289
2022/4/28,3.8545
2022/4/29,3.9529
2022/5/5,3.9382
2022/5/6,3.8427
2022/5/9,3.8112
2022/5/10,3.8555
2022/5/11,3.9096
2022/5/12,3.8899
2022/5/13,3.9204
2022/5/16,3.8899
2022/5/17,3.9382
2022/5/18,3.9244
2022/5/19,3.9332
2022/5/20,4.0159
2022/5/23,3.9844
2022/5/24,3.9037
2022/5/25,3.9204
2022/5/26,3.9303
2022/5/27,3.9401
2022/5/30,3.9628
2022/5/31,4.0258
2022/6/1,4.0199
2022/6/2,4.0307
2022/6/6,4.1115
2022/6/7,4.1174
2022/6/8,4.1587
2022/6/9,4.1252
2022/6/10,4.1823
2022/6/13,4.1311
2022/6/14,4.1705
2022/6/15,4.2188
2022/6/16,4.1922
2022/6/17,4.2542
2022/6/20,4.2749
2022/6/21,4.2729
2022/6/22,4.2237
2022/6/23,4.2975
2022/6/24,4.3448
2022/6/27,4.392
2022/6/28,4.4432
2022/6/29,4.3891
2022/6/30,4.4383
2022/7/1,4.4236
2022/7/4,4.4511
2022/7/5,4.4413
2022/7/6,4.3832
2022/7/7,4.3989
2022/7/8,4.395
2022/7/11,4.3202
2022/7/12,4.2847
2022/7/13,4.2916
2022/7/14,4.2926
2022/7/15,4.2286
2022/7/18,4.2739
2022/7/19,4.2522
2022/7/20,4.2641
2022/7/21,4.2197
2022/7/22,4.2227
2022/7/25,4.205
2022/7/26,4.2335
2022/7/27,4.2099
2022/7/28,4.2129
2022/7/29,4.1548
2022/8/1,4.1725
2022/8/2,4.1026
2022/8/3,4.0583
2022/8/4,4.0888
2022/8/5,4.1528
2022/8/8,4.139
2022/8/9,4.1459
2022/8/10,4.1016
2022/8/11,4.1882
2022/8/12,4.1892
2022/8/15,4.1794
2022/8/16,4.1695
2022/8/17,4.2099
2022/8/18,4.1735
2022/8/19,4.1439
2022/8/22,4.1705
2022/8/23,4.1567
2022/8/24,4.0809
2022/8/25,4.1164
2022/8/26,4.1105
2022/8/29,4.0859
2022/8/30,4.077
2022/8/31,4.077
2022/9/1,4.0435
2022/9/2,4.0209
2022/9/5,4.0189
2022/9/6,4.0475
2022/9/7,4.0553
2022/9/8,4.0376
2022/9/9,4.0947
2022/9/13,4.1085
2022/9/14,4.0632
2022/9/15,4.0268
2022/9/16,3.9382
2022/9/19,3.9273
2022/9/20,3.9293
2022/9/21,3.8998
2022/9/22,3.8712
2022/9/23,3.8633
2022/9/26,3.8387
2022/9/27,3.888
2022/9/28,3.8328
2022/9/29,3.8338
2022/9/30,3.8082
2022/10/10,3.7304
2022/10/11,3.7275
2022/10/12,3.7885
2022/10/13,3.756
2022/10/14,3.8427
2022/10/17,3.8417
2022/10/18,3.8348
2022/10/19,3.7767
2022/10/20,3.7649
2022/10/21,3.7432
2022/10/24,3.6467
2022/10/25,3.631
2022/10/26,3.6586
2022/10/27,3.633
2022/10/28,3.5483
2022/10/31,3.5099
2022/11/1,3.6458
2022/11/2,3.6792
2022/11/3,3.6497
2022/11/4,3.7747
2022/11/7,3.7747
2022/11/8,3.7521
2022/11/9,3.7127
2022/11/10,3.692
2022/11/11,3.7885
2022/11/14,3.7905
2022/11/15,3.8643
2022/11/16,3.8358
2022/11/17,3.819
2022/11/18,3.8062
2022/11/21,3.7738
2022/11/22,3.7718
2022/11/23,3.7747
2022/11/24,3.757
2022/11/25,3.7777
2022/11/28,3.7334
2022/11/29,3.8476
2022/11/30,3.8505
2022/12/1,3.8949
2022/12/2,3.8722
2022/12/5,3.9421
2022/12/6,3.9648
2022/12/7,3.9529
2022/12/8,3.9618
2022/12/9,3.9953
2022/12/12,3.9539
2022/12/13,3.9431
2022/12/14,3.9529
2022/12/15,3.951
2022/12/16,3.9549
2022/12/19,3.8978
2022/12/20,3.8358
2022/12/21,3.8328
2022/12/22,3.8407
2022/12/23,3.8309
2022/12/26,3.8397
2022/12/27,3.886
2022/12/28,3.8732
2022/12/29,3.8614
2022/12/30,3.8771
2023/1/3,3.888
2023/1/4,3.8929
2023/1/5,3.9667
2023/1/6,3.9825
2023/1/9,4.0071
2023/1/10,4.013
2023/1/11,4.013
2023/1/12,4.0189
2023/1/13,4.0799
2023/1/16,4.143
2023/1/17,4.139
2023/1/18,4.13
2023/1/19,4.158
2023/1/20,4.181
2023/1/30,4.205
2023/1/31,4.159
2023/2/1,4.19
2023/2/2,4.18
2023/2/3,4.137
2023/2/6,4.08
2023/2/7,4.09
2023/2/8,4.073
2023/2/9,4.127
2023/2/10,4.103
2023/2/13,4.135
2023/2/14,4.144
2023/2/15,4.116
2023/2/16,4.087
2023/2/17,4.029
2023/2/20,4.134
2023/2/21,4.139
2023/2/22,4.099
2023/2/23,4.099
2023/2/24,4.06
2023/2/27,4.045
2023/2/28,4.071
2023/3/1,4.12
2023/3/2,4.115
2023/3/3,4.124
2023/3/6,4.099
2023/3/7,4.042
2023/3/8,4.026
2023/3/9,4.016
2023/3/10,3.961
2023/3/13,4.005
2023/3/14,3.98
2023/3/15,3.979
2023/3/16,3.933
2023/3/17,3.954
2023/3/20,3.932
2023/3/21,3.975
2023/3/22,3.993
2023/3/23,4.031
2023/3/24,4.026
2023/3/27,4.005
2023/3/28,3.997
2023/3/29,3.997
2023/3/30,4.04
2023/3/31,4.05
2023/4/3,4.08
2023/4/4,4.1
2023/4/6,4.088
2023/4/7,4.117
2023/4/10,4.102
2023/4/11,4.092
2023/4/12,4.088
2023/4/13,4.063
2023/4/14,4.084
2023/4/17,4.145
2023/4/18,4.152
2023/4/19,4.119
2023/4/20,4.103
2023/4/21,4.03
2023/4/24,3.979
2023/4/25,3.96
2023/4/26,3.951
2023/4/27,3.986
2023/4/28,4.025
2023/5/4,4.025
2023/5/5,4.009
2023/5/8,4.054
2023/5/9,4.019
2023/5/10,3.988
2023/5/11,3.983
2023/5/12,3.932
2023/5/15,3.995
2023/5/16,3.978
2023/5/17,3.951
2023/5/18,3.95
2023/5/19,3.944
2023/5/22,3.964
2023/5/23,3.907
2023/5/24,3.854
2023/5/25,3.845
2023/5/26,3.85
2023/5/29,3.834
2023/5/30,3.838
2023/5/31,3.802
2023/6/1,3.81
2023/6/2,3.863
2023/6/5,3.845
2023/6/6,3.808
2023/6/7,3.796
2023/6/8,3.828
2023/6/9,3.844
2023/6/12,3.848
2023/6/13,3.877
2023/6/14,3.877
2023/6/15,3.942
2023/6/16,3.979
2023/6/19,3.949
2023/6/20,3.942
2023/6/21,3.887
2023/6/26,3.843
2023/6/27,3.869
2023/6/28,3.877
2023/6/29,3.859
2023/6/30,3.882
2023/7/3,3.927
2023/7/4,3.934
2023/7/5,3.907
2023/7/6,3.879
2023/7/7,3.868
2023/7/10,3.884
2023/7/11,3.91
2023/7/12,3.891
2023/7/13,3.954
2023/7/14,3.952
2023/7/17,3.924
2023/7/18,3.918
2023/7/19,3.916
2023/7/20,3.888
2023/7/21,3.89
2023/7/24,3.873
2023/7/25,3.985
2023/7/26,3.976
2023/7/27,3.972
2023/7/28,4.068
2023/7/31,4.084
2023/8/1,4.066
2023/8/2,4.037
2023/8/3,4.073
2023/8/4,4.094
2023/8/7,4.063
2023/8/8,4.048
2023/8/9,4.04
2023/8/10,4.045
2023/8/11,3.95
2023/8/14,3.923
2023/8/15,3.919
2023/8/16,3.889
2023/8/17,3.902
2023/8/18,3.852
2023/8/21,3.8
2023/8/22,3.823
2023/8/23,3.768
2023/8/24,3.791
2023/8/25,3.784
2023/8/28,3.837
2023/8/29,3.859
2023/8/30,3.858
2023/8/31,3.839
2023/9/1,3.862
2023/9/4,3.92
2023/9/5,3.893
2023/9/6,3.883
2023/9/7,3.83
2023/9/8,3.809
2023/9/11,3.837
2023/9/12,3.832
2023/9/13,3.807
2023/9/14,3.804
2023/9/15,3.787
2023/9/18,3.8
2023/9/19,3.795
2023/9/20,3.777
2023/9/21,3.742
2023/9/22,3.817
2023/9/25,3.789
2023/9/26,3.768
2023/9/27,3.778
2023/9/28,3.764
2023/10/9,3.754
2023/10/10,3.727
2023/10/11,3.735
2023/10/12,3.771
2023/10/13,3.736
2023/10/16,3.693
2023/10/17,3.705
2023/10/18,3.677
2023/10/19,3.6
2023/10/20,3.582
2023/10/23,3.544
2023/10/24,3.549
2023/10/25,3.569
2023/10/26,3.582
2023/10/27,3.636
2023/10/30,3.652
2023/10/31,3.644
2023/11/1,3.642
2023/11/2,3.625
2023/11/3,3.653
2023/11/6,3.701
2023/11/7,3.69
2023/11/8,3.679
2023/11/9,3.682
2023/11/10,3.655
2023/11/13,3.65
2023/11/14,3.65
2023/11/15,3.675
2023/11/16,3.639
2023/11/17,3.634
2023/11/20,3.645
2023/11/21,3.65
2023/11/22,3.611
2023/11/23,3.63
2023/11/24,3.605
